name,shape,n_elements,mean,std,abs_max,max_sigma,n_outliers,outlier_ratio_pct,dist_3_6_pct,dist_6_10_pct,dist_10_50_pct,dist_50p_pct,g2_pct_groups_with_outlier,g2_pct_groups_with_multi_outlier,g2_avg_outliers_per_active_group,g2_victim_waste_pct,g4_pct_groups_with_outlier,g4_pct_groups_with_multi_outlier,g4_avg_outliers_per_active_group,g4_victim_waste_pct,g8_pct_groups_with_outlier,g8_pct_groups_with_multi_outlier,g8_avg_outliers_per_active_group,g8_victim_waste_pct
encoder.layer.0.attention.output.dense,"(32, 128, 768)",3145728,-0.0044504316,0.17881787,2.8078353,15.702208,48794,1.5511194864908853,89.92908964216912,9.810632454810017,0.26027790302086323,0.0,2.950731913248698,0.15150705973307294,1.051345586175691,1.475365956624349,5.377070109049479,0.6913503011067708,1.1538770780618157,4.032802581787109,9.508005777994793,1.7771402994791667,1.3051060529060903,8.319505055745442
encoder.layer.0.attention.self.key,"(32, 128, 768)",3145728,-0.049640905,0.46874866,11.113617,23.709118,39578,1.2581507364908853,98.8225782000101,0.6316640557885694,0.545757744201324,0.0,2.5117238362630205,0.00457763671875,1.0018225079734724,1.2558619181315103,4.7882080078125,0.24363199869791666,1.051041002761844,3.591156005859375,9.516398111979168,0.543975830078125,1.0576696953500802,8.32684834798177
encoder.layer.0.attention.self.query,"(32, 128, 768)",3145728,-0.049640905,0.46874866,11.113617,23.709118,39578,1.2581507364908853,98.8225782000101,0.6316640557885694,0.545757744201324,0.0,2.5117238362630205,0.00457763671875,1.0018225079734724,1.2558619181315103,4.7882080078125,0.24363199869791666,1.051041002761844,3.591156005859375,9.516398111979168,0.543975830078125,1.0576696953500802,8.32684834798177
encoder.layer.0.attention.self.value,"(32, 128, 768)",3145728,-0.049640905,0.46874866,11.113617,23.709118,39578,1.2581507364908853,98.8225782000101,0.6316640557885694,0.545757744201324,0.0,2.5117238362630205,0.00457763671875,1.0018225079734724,1.2558619181315103,4.7882080078125,0.24363199869791666,1.051041002761844,3.591156005859375,9.516398111979168,0.543975830078125,1.0576696953500802,8.32684834798177
encoder.layer.0.intermediate.dense,"(32, 128, 768)",3145728,-0.0178388,1.0928457,63.179184,57.811623,32694,1.0393142700195312,97.65400379274485,0.8105462776044535,1.4375726432984646,0.09787728635223589,2.078564961751302,6.357828776041666e-05,1.000030587587557,1.039282480875651,3.944524129231771,0.21273295084635416,1.0539312078914285,2.958393096923828,7.883199055989583,0.4313151041666667,1.054713207303697,6.897799173990886
encoder.layer.0.output.dense,"(32, 128, 3072)",12582912,0.016761908,0.39678574,12.340759,31.101822,178994,1.4225165049235025,54.558253349274274,26.69028012112138,18.751466529604343,0.0,2.8425216674804688,0.002511342366536458,1.0008834910197053,1.4212608337402344,5.622005462646484,0.06806055704752603,1.012106099415899,4.216504096984863,10.826810201009113,0.5518595377604167,1.0511066351128362,9.473458925882976
encoder.layer.1.attention.output.dense,"(32, 128, 768)",3145728,-0.0017196293,0.22407661,3.1447861,14.034424,44636,1.418940226236979,90.92212563849807,8.972578188009678,0.1052961734922484,0.0,2.7181625366210938,0.11971791585286458,1.0440436928402685,1.3590812683105469,4.998143513997396,0.5835215250651042,1.1355738163685858,3.748607635498047,8.897145589192707,1.6169230143229167,1.2758610833214235,7.78500239054362
encoder.layer.1.attention.self.key,"(32, 128, 768)",3145728,-0.018139267,0.5071425,9.793842,19.311815,27184,0.8641560872395834,85.79679223072395,12.797969393761036,1.4052383755150089,0.0,1.7168045043945312,0.011507670084635418,1.0067029589304892,0.8584022521972656,3.390630086263021,0.06434122721354166,1.0194637164822802,2.5429725646972656,6.621297200520833,0.27414957682291663,1.0440927945921032,5.793635050455729
encoder.layer.1.attention.self.query,"(32, 128, 768)",3145728,-0.018139267,0.5071425,9.793842,19.311815,27184,0.8641560872395834,85.79679223072395,12.797969393761036,1.4052383755150089,0.0,1.7168045043945312,0.011507670084635418,1.0067029589304892,0.8584022521972656,3.390630086263021,0.06434122721354166,1.0194637164822802,2.5429725646972656,6.621297200520833,0.27414957682291663,1.0440927945921032,5.793635050455729
encoder.layer.1.attention.self.value,"(32, 128, 768)",3145728,-0.018139267,0.5071425,9.793842,19.311815,27184,0.8641560872395834,85.79679223072395,12.797969393761036,1.4052383755150089,0.0,1.7168045043945312,0.011507670084635418,1.0067029589304892,0.8584022521972656,3.390630086263021,0.06434122721354166,1.0194637164822802,2.5429725646972656,6.621297200520833,0.27414957682291663,1.0440927945921032,5.793635050455729
encoder.layer.1.intermediate.dense,"(32, 128, 768)",3145728,-0.040245797,1.3109901,63.272438,48.263092,8623,0.2741177876790365,52.81224631798678,2.481734895048127,44.706018786965096,0.0,0.548235575358073,0.0,1.0,0.2741177876790365,1.096471150716146,0.0,1.0,0.8223533630371094,2.192942301432292,0.0,1.0,1.9188245137532551
encoder.layer.1.output.dense,"(32, 128, 3072)",12582912,-0.029798267,0.24578883,10.058861,40.92481,188915,1.5013615290323892,54.94005240452056,27.143424291347962,17.916523304131488,0.0,2.95101801554362,0.05170504252115885,1.0175210867059494,1.47550900777181,5.7936032613118496,0.2117792765299479,1.0365649571195767,4.345202445983887,11.131668090820312,0.8761088053385416,1.0789840421278687,9.740209579467773
encoder.layer.10.attention.output.dense,"(32, 128, 768)",3145728,-0.0010379162,0.20126726,3.3621821,16.705063,66787,2.1231015523274737,91.51631305493584,7.998562594516898,0.4851243505472622,0.0,3.9585113525390625,0.2876917521158854,1.0726767530757124,1.9792556762695312,6.929779052734375,1.3140360514322915,1.2254945135601307,5.197334289550781,11.423746744791668,3.6346435546875,1.48679875333927,9.995778401692707
encoder.layer.10.attention.self.key,"(32, 128, 768)",3145728,-0.036210313,0.9081474,26.624727,29.317627,6156,0.1956939697265625,36.46848602988954,8.089668615984404,55.44184535412605,0.0,0.391387939453125,0.0,1.0,0.1956939697265625,0.78277587890625,0.0,1.0,0.5870819091796875,1.5637715657552083,0.0017801920572916667,1.0011383964872338,1.3683001200358071
encoder.layer.10.attention.self.query,"(32, 128, 768)",3145728,-0.036210313,0.9081474,26.624727,29.317627,6156,0.1956939697265625,36.46848602988954,8.089668615984404,55.44184535412605,0.0,0.391387939453125,0.0,1.0,0.1956939697265625,0.78277587890625,0.0,1.0,0.5870819091796875,1.5637715657552083,0.0017801920572916667,1.0011383964872338,1.3683001200358071
encoder.layer.10.attention.self.value,"(32, 128, 768)",3145728,-0.036210313,0.9081474,26.624727,29.317627,6156,0.1956939697265625,36.46848602988954,8.089668615984404,55.44184535412605,0.0,0.391387939453125,0.0,1.0,0.1956939697265625,0.78277587890625,0.0,1.0,0.5870819091796875,1.5637715657552083,0.0017801920572916667,1.0011383964872338,1.3683001200358071
encoder.layer.10.intermediate.dense,"(32, 128, 768)",3145728,-0.022752896,0.89189565,55.016434,61.684834,10003,0.317986806233724,22.043386983904828,21.383584924522644,56.31310606817954,0.2599220233929821,0.635846455891927,0.00012715657552083332,1.0001999800019998,0.3179232279459635,1.2715657552083335,0.0003814697265625,1.0003,0.95367431640625,2.538808186848958,0.005086263020833334,1.0020034057898428,2.221457163492839
encoder.layer.10.output.dense,"(32, 128, 3072)",12582912,-0.0795018,0.2879355,133.1841,462.54837,51348,0.4080772399902344,84.11427903715821,12.70740827296097,2.9485082184310976,0.22980447144971566,0.8113861083984375,0.00476837158203125,1.0058768218147627,0.40569305419921875,1.5968958536783855,0.03509521484375,1.0221762153123382,1.197671890258789,3.1035741170247393,0.14737447102864581,1.0518897879750078,2.7156273523966474
encoder.layer.11.attention.output.dense,"(32, 128, 768)",3145728,0.0028074505,0.19290484,3.9210365,20.326273,64907,2.0633379618326826,91.3368357804243,8.059223196265426,0.6039410233102748,0.0,3.771082560221354,0.3555933634440104,1.0942947702060222,1.885541280110677,6.4052581787109375,1.499176025390625,1.288527584221706,4.803943634033203,10.001373291015625,3.9914449055989585,1.650443715513515,8.751201629638672
encoder.layer.11.attention.self.key,"(32, 128, 768)",3145728,-0.043410137,0.992732,31.21686,31.445406,4203,0.13360977172851562,6.138472519628837,7.637401855817274,86.22412562455389,0.0,0.26721954345703125,0.0,1.0,0.13360977172851562,0.5344390869140625,0.0,1.0,0.4008293151855469,1.068878173828125,0.0,1.0,0.9352684020996094
encoder.layer.11.attention.self.query,"(32, 128, 768)",3145728,-0.043410137,0.992732,31.21686,31.445406,4203,0.13360977172851562,6.138472519628837,7.637401855817274,86.22412562455389,0.0,0.26721954345703125,0.0,1.0,0.13360977172851562,0.5344390869140625,0.0,1.0,0.4008293151855469,1.068878173828125,0.0,1.0,0.9352684020996094
encoder.layer.11.attention.self.value,"(32, 128, 768)",3145728,-0.043410137,0.992732,31.21686,31.445406,4203,0.13360977172851562,6.138472519628837,7.637401855817274,86.22412562455389,0.0,0.26721954345703125,0.0,1.0,0.13360977172851562,0.5344390869140625,0.0,1.0,0.4008293151855469,1.068878173828125,0.0,1.0,0.9352684020996094
encoder.layer.11.intermediate.dense,"(32, 128, 768)",3145728,-0.054583747,1.3604752,41.83352,30.749197,4257,0.13532638549804688,4.251820530890298,0.9161381254404511,94.83204134366925,0.0,0.27065277099609375,0.0,1.0,0.13532638549804688,0.5413055419921875,0.0,1.0,0.4059791564941406,1.082611083984375,0.0,1.0,0.9472846984863281
encoder.layer.11.output.dense,"(32, 128, 3072)",12582912,-0.08575085,0.14294447,9.9525795,69.625496,176084,1.399389902750651,66.78005951704868,23.07591831171486,10.000908657231776,0.1431135140046796,2.7389685312906904,0.05981127421061198,1.0218371527556132,1.3694842656453452,5.267461140950521,0.30644734700520837,1.0626674713337356,3.9505958557128906,9.888585408528645,1.0860443115234375,1.1321254516697314,8.652512232462566
encoder.layer.2.attention.output.dense,"(32, 128, 768)",3145728,0.0070783813,0.23152003,3.3161075,14.323199,58787,1.8687884012858074,93.40500450779933,6.55246908330073,0.04252640889992685,0.0,3.5343170166015625,0.2032597859700521,1.0575103435869762,1.7671585083007812,6.362660725911458,0.9639739990234375,1.1748471161916942,4.771995544433594,10.664621988932293,2.866617838541667,1.401860021461786,9.331544240315754
encoder.layer.2.attention.self.key,"(32, 128, 768)",3145728,-0.015715174,0.5825976,11.18796,19.203579,17475,0.5555152893066406,76.26895565092991,1.9399141630901289,21.79113018597997,0.0,1.1030197143554688,0.0080108642578125,1.0072626664361057,0.5515098571777344,2.1773020426432295,0.04412333170572917,1.020557145360042,1.6329765319824219,4.231770833333334,0.20395914713541666,1.0501802884615385,3.7027994791666665
encoder.layer.2.attention.self.query,"(32, 128, 768)",3145728,-0.015715174,0.5825976,11.18796,19.203579,17475,0.5555152893066406,76.26895565092991,1.9399141630901289,21.79113018597997,0.0,1.1030197143554688,0.0080108642578125,1.0072626664361057,0.5515098571777344,2.1773020426432295,0.04412333170572917,1.020557145360042,1.6329765319824219,4.231770833333334,0.20395914713541666,1.0501802884615385,3.7027994791666665
encoder.layer.2.attention.self.value,"(32, 128, 768)",3145728,-0.015715174,0.5825976,11.18796,19.203579,17475,0.5555152893066406,76.26895565092991,1.9399141630901289,21.79113018597997,0.0,1.1030197143554688,0.0080108642578125,1.0072626664361057,0.5515098571777344,2.1773020426432295,0.04412333170572917,1.020557145360042,1.6329765319824219,4.231770833333334,0.20395914713541666,1.0501802884615385,3.7027994791666665
encoder.layer.2.intermediate.dense,"(32, 128, 768)",3145728,-0.043555956,1.4779056,50.180233,33.95361,7810,0.2482732137044271,48.06658130601792,1.997439180537772,49.9359795134443,0.0,0.4965464274088542,0.0,1.0,0.2482732137044271,0.9930928548177084,0.0,1.0,0.7448196411132812,1.9861857096354167,0.0,1.0,1.7379124959309895
encoder.layer.2.output.dense,"(32, 128, 3072)",12582912,-0.03547958,0.18712653,55.94729,298.98105,152895,1.2151002883911133,65.68625527322672,24.699957487164394,9.571928447627457,0.04185879198142516,2.4125417073567705,0.017658869425455727,1.0073196120803247,1.2062708536783853,4.758135477701822,0.101470947265625,1.0214928045537754,3.568601608276367,9.349250793457031,0.36061604817708337,1.0397413142379175,8.180594444274902
encoder.layer.3.attention.output.dense,"(32, 128, 768)",3145728,0.0019054444,0.21500441,2.8635132,13.318393,46586,1.4809290568033853,94.1935345382733,5.7313355943845785,0.07512986734211995,0.0,2.765210469563802,0.19664764404296875,1.0711148920515945,1.382605234781901,4.955546061197916,0.8303324381510416,1.1953710356153135,3.7166595458984375,8.203633626302082,2.404530843098958,1.4441688883377766,7.178179423014323
encoder.layer.3.attention.self.key,"(32, 128, 768)",3145728,-0.017752187,0.5866848,14.7452965,25.133251,15199,0.48316319783528644,73.37982762023817,1.5198368313704849,25.10033554839134,0.0,0.9612401326497396,0.005086263020833334,1.0052913552483629,0.4806200663248698,1.9054412841796875,0.026830037434895832,1.014280947614281,1.4290809631347656,3.7348429361979165,0.12385050455729167,1.0349312270189297,3.2679875691731772
encoder.layer.3.attention.self.query,"(32, 128, 768)",3145728,-0.017752187,0.5866848,14.7452965,25.133251,15199,0.48316319783528644,73.37982762023817,1.5198368313704849,25.10033554839134,0.0,0.9612401326497396,0.005086263020833334,1.0052913552483629,0.4806200663248698,1.9054412841796875,0.026830037434895832,1.014280947614281,1.4290809631347656,3.7348429361979165,0.12385050455729167,1.0349312270189297,3.2679875691731772
encoder.layer.3.attention.self.value,"(32, 128, 768)",3145728,-0.017752187,0.5866848,14.7452965,25.133251,15199,0.48316319783528644,73.37982762023817,1.5198368313704849,25.10033554839134,0.0,0.9612401326497396,0.005086263020833334,1.0052913552483629,0.4806200663248698,1.9054412841796875,0.026830037434895832,1.014280947614281,1.4290809631347656,3.7348429361979165,0.12385050455729167,1.0349312270189297,3.2679875691731772
encoder.layer.3.intermediate.dense,"(32, 128, 768)",3145728,-0.028907336,1.3085481,93.32959,71.32301,4730,0.15036265055338544,14.376321353065538,3.678646934460888,81.26849894291755,0.6765327695560254,0.30072530110677087,0.0,1.0,0.15036265055338544,0.6014506022135417,0.0,1.0,0.45108795166015625,1.2029012044270835,0.0,1.0,1.0525385538736978
encoder.layer.3.output.dense,"(32, 128, 3072)",12582912,-0.036323577,0.179425,7.9646273,44.38973,199211,1.5831867853800456,61.921781427732405,26.3228436180733,11.755374954194297,0.0,3.146568934122721,0.01980463663736979,1.0062940418760893,1.5732844670613606,6.207911173502604,0.12416839599609375,1.0201091743307182,4.655933380126953,12.117258707682293,0.532976786295573,1.045244191659496,10.602601369222004
encoder.layer.4.attention.output.dense,"(32, 128, 768)",3145728,-0.00037978787,0.24657804,3.1602173,12.816297,48249,1.5337944030761719,96.84345789550044,3.0798565773383904,0.07668552716118468,0.0,2.8802235921223955,0.18736521402994794,1.0650523155710565,1.4401117960611978,5.085500081380209,0.9263356526692709,1.2064059608941342,3.8141250610351562,8.40606689453125,2.6885986328125,1.4597023053185696,7.355308532714844
encoder.layer.4.attention.self.key,"(32, 128, 768)",3145728,-0.027381858,0.6731248,13.266283,19.708504,7453,0.23692448933919272,45.31061317590232,3.0725882195089227,51.61679860458875,0.0,0.4727681477864583,0.0010808308919270835,1.0022861753630985,0.23638407389322916,0.9419759114583334,0.0057220458984375,1.006074514038877,0.70648193359375,1.869964599609375,0.024922688802083332,1.0135998912008704,1.6362190246582031
encoder.layer.4.attention.self.query,"(32, 128, 768)",3145728,-0.027381858,0.6731248,13.266283,19.708504,7453,0.23692448933919272,45.31061317590232,3.0725882195089227,51.61679860458875,0.0,0.4727681477864583,0.0010808308919270835,1.0022861753630985,0.23638407389322916,0.9419759114583334,0.0057220458984375,1.006074514038877,0.70648193359375,1.869964599609375,0.024922688802083332,1.0135998912008704,1.6362190246582031
encoder.layer.4.attention.self.value,"(32, 128, 768)",3145728,-0.027381858,0.6731248,13.266283,19.708504,7453,0.23692448933919272,45.31061317590232,3.0725882195089227,51.61679860458875,0.0,0.4727681477864583,0.0010808308919270835,1.0022861753630985,0.23638407389322916,0.9419759114583334,0.0057220458984375,1.006074514038877,0.70648193359375,1.869964599609375,0.024922688802083332,1.0135998912008704,1.6362190246582031
encoder.layer.4.intermediate.dense,"(32, 128, 768)",3145728,-0.036082562,1.2870017,102.469376,79.618675,4234,0.13459523518880206,4.180444024563061,2.71610769957487,92.34766178554558,0.7557864903164856,0.26919047037760413,0.0,1.0,0.13459523518880206,0.5383809407552083,0.0,1.0,0.40378570556640625,1.0767618815104165,0.0,1.0,0.9421666463216146
encoder.layer.4.output.dense,"(32, 128, 3072)",12582912,-0.036365386,0.19509533,10.869772,55.715183,188814,1.500558853149414,66.84832692491022,22.030146069677038,11.106697596576524,0.01482940883620918,2.9688358306884766,0.03228187561035156,1.0108735805721076,1.4844179153442383,5.889002482096354,0.11262893676757812,1.0192278625871785,4.416751861572266,11.47918701171875,0.506146748860677,1.0457596703442775,10.044288635253906
encoder.layer.5.attention.output.dense,"(32, 128, 768)",3145728,0.002450192,0.20289448,3.366848,16.594084,62184,1.976776123046875,93.43239418499935,6.281358548822848,0.28624726617779495,0.0,3.5935084025065103,0.3600438435872396,1.1001928486757135,1.7967542012532551,6.176503499348959,1.4361063639322915,1.2801910487091859,4.632377624511719,9.745025634765625,3.771209716796875,1.622798089720504,8.526897430419922
encoder.layer.5.attention.self.key,"(32, 128, 768)",3145728,-0.024945704,0.7017557,14.743985,21.01014,6540,0.2079010009765625,37.477064220183486,2.400611620795107,60.12232415902141,0.0,0.4151662190755208,0.0006357828776041667,1.001531393568147,0.2075831095377604,0.8276621500651041,0.003941853841145834,1.0047626363496698,0.6207466125488281,1.64642333984375,0.01678466796875,1.010194624652456,1.4406204223632812
encoder.layer.5.attention.self.query,"(32, 128, 768)",3145728,-0.024945704,0.7017557,14.743985,21.01014,6540,0.2079010009765625,37.477064220183486,2.400611620795107,60.12232415902141,0.0,0.4151662190755208,0.0006357828776041667,1.001531393568147,0.2075831095377604,0.8276621500651041,0.003941853841145834,1.0047626363496698,0.6207466125488281,1.64642333984375,0.01678466796875,1.010194624652456,1.4406204223632812
encoder.layer.5.attention.self.value,"(32, 128, 768)",3145728,-0.024945704,0.7017557,14.743985,21.01014,6540,0.2079010009765625,37.477064220183486,2.400611620795107,60.12232415902141,0.0,0.4151662190755208,0.0006357828776041667,1.001531393568147,0.2075831095377604,0.8276621500651041,0.003941853841145834,1.0047626363496698,0.6207466125488281,1.64642333984375,0.01678466796875,1.010194624652456,1.4406204223632812
encoder.layer.5.intermediate.dense,"(32, 128, 768)",3145728,-0.032273903,1.1505127,93.16759,80.979195,5554,0.17655690511067706,24.828952106589846,4.159164566078502,70.4357220021606,0.5761613251710479,0.35311381022135413,0.0,1.0,0.17655690511067706,0.7062276204427083,0.0,1.0,0.5296707153320312,1.410675048828125,0.0017801920572916667,1.001261943392825,1.2343406677246094
encoder.layer.5.output.dense,"(32, 128, 3072)",12582912,-0.05079037,0.15052573,10.890966,72.35285,184229,1.4641205469767251,65.702468123911,23.950626665725807,10.329535523723193,0.01736968663999696,2.8956254323323565,0.03261566162109375,1.011263770948034,1.4478127161661782,5.679957071940104,0.17449061075846356,1.0310786003716224,4.259967803955078,10.946146647135418,0.7309595743815105,1.0700536685098276,9.577878316243488
encoder.layer.6.attention.output.dense,"(32, 128, 768)",3145728,-0.0015289324,0.24425684,3.690699,15.109911,51125,1.6252199808756511,96.26210268948655,3.6870415647921764,0.0508557457212714,0.0,3.0529022216796875,0.1975377400716146,1.0647049023282935,1.5264511108398438,5.431111653645834,0.9207407633463541,1.1969704064431541,4.073333740234375,8.962249755859375,2.722930908203125,1.4507250078034108,7.841968536376953
encoder.layer.6.attention.self.key,"(32, 128, 768)",3145728,-0.027444629,0.7434929,15.9577265,21.463186,6370,0.2024968465169271,35.96546310832025,2.7629513343799057,61.271585557299844,0.0,0.4047393798828125,0.00025431315104166663,1.0006283380458687,0.20236968994140625,0.8080800374348959,0.0019073486328125,1.002360346184107,0.6060600280761719,1.6057332356770833,0.014241536458333334,1.0088691796008868,1.4050165812174478
encoder.layer.6.attention.self.query,"(32, 128, 768)",3145728,-0.027444629,0.7434929,15.9577265,21.463186,6370,0.2024968465169271,35.96546310832025,2.7629513343799057,61.271585557299844,0.0,0.4047393798828125,0.00025431315104166663,1.0006283380458687,0.20236968994140625,0.8080800374348959,0.0019073486328125,1.002360346184107,0.6060600280761719,1.6057332356770833,0.014241536458333334,1.0088691796008868,1.4050165812174478
encoder.layer.6.attention.self.value,"(32, 128, 768)",3145728,-0.027444629,0.7434929,15.9577265,21.463186,6370,0.2024968465169271,35.96546310832025,2.7629513343799057,61.271585557299844,0.0,0.4047393798828125,0.00025431315104166663,1.0006283380458687,0.20236968994140625,0.8080800374348959,0.0019073486328125,1.002360346184107,0.6060600280761719,1.6057332356770833,0.014241536458333334,1.0088691796008868,1.4050165812174478
encoder.layer.6.intermediate.dense,"(32, 128, 768)",3145728,-0.03457487,1.1039011,92.175735,83.49999,8474,0.2693812052408854,20.438989851309888,28.07410903941468,51.1092754307293,0.3776256785461411,0.5387624104817708,0.0,1.0,0.2693812052408854,1.0775248209635415,0.0,1.0,0.8081436157226562,2.145131429036458,0.009918212890625,1.0046235921754594,1.8769900004069011
encoder.layer.6.output.dense,"(32, 128, 3072)",12582912,-0.049646273,0.14320809,8.093029,56.512375,192332,1.5285174051920571,63.7273048686646,25.36863340473764,10.88690389534763,0.01715783125012998,3.0319372812906904,0.02509752909342448,1.0082777204028246,1.5159686406453452,5.953407287597656,0.1587231953938802,1.0269866188233536,4.465055465698242,11.464436848958332,0.7328033447265625,1.066614906832298,10.031382242838543
encoder.layer.7.attention.output.dense,"(32, 128, 768)",3145728,-0.0040155514,0.23519501,2.9390566,12.496254,57789,1.8370628356933594,96.52702071328454,3.4470227898042882,0.02595649691117687,0.0,3.4521102905273438,0.222015380859375,1.0643129454666003,1.7260551452636719,6.1817169189453125,1.038233439127604,1.1887071891391545,4.636287689208984,10.21575927734375,3.130340576171875,1.4386109036594474,8.938789367675781
encoder.layer.7.attention.self.key,"(32, 128, 768)",3145728,-0.02782824,0.7521295,16.22285,21.569225,9158,0.2911249796549479,54.43328237606464,4.051102860886656,41.5156147630487,0.0,0.5818684895833333,0.0003814697265625,1.0006555944055944,0.29093424479166663,1.1623382568359375,0.002161661783854167,1.00185975276228,0.8717536926269531,2.305348714192708,0.023651123046875,1.0102592388306675,2.01718012491862
encoder.layer.7.attention.self.query,"(32, 128, 768)",3145728,-0.02782824,0.7521295,16.22285,21.569225,9158,0.2911249796549479,54.43328237606464,4.051102860886656,41.5156147630487,0.0,0.5818684895833333,0.0003814697265625,1.0006555944055944,0.29093424479166663,1.1623382568359375,0.002161661783854167,1.00185975276228,0.8717536926269531,2.305348714192708,0.023651123046875,1.0102592388306675,2.01718012491862
encoder.layer.7.attention.self.value,"(32, 128, 768)",3145728,-0.02782824,0.7521295,16.22285,21.569225,9158,0.2911249796549479,54.43328237606464,4.051102860886656,41.5156147630487,0.0,0.5818684895833333,0.0003814697265625,1.0006555944055944,0.29093424479166663,1.1623382568359375,0.002161661783854167,1.00185975276228,0.8717536926269531,2.305348714192708,0.023651123046875,1.0102592388306675,2.01718012491862
encoder.layer.7.intermediate.dense,"(32, 128, 768)",3145728,-0.040165212,1.0471108,90.927704,86.836754,8695,0.2764066060384115,8.568142610695801,14.560092006900518,76.50373778033352,0.3680276020701553,0.552813212076823,0.0,1.0,0.2764066060384115,1.105626424153646,0.0,1.0,0.8292198181152344,2.193196614583333,0.018056233723958336,1.0082328385899815,1.9190470377604167
encoder.layer.7.output.dense,"(32, 128, 3072)",12582912,-0.05692239,0.15223767,8.325779,54.68935,197586,1.570272445678711,66.80888322047109,23.996133329284465,9.18941625418805,0.005567196056400757,3.112395604451497,0.02814928690592448,1.0090442509511528,1.5561978022257485,6.105740865071615,0.17261505126953125,1.0287186963086374,4.579305648803711,11.784934997558594,0.747235616048177,1.0659523848058654,10.31181812286377
encoder.layer.8.attention.output.dense,"(32, 128, 768)",3145728,-0.004999678,0.2438716,3.0550835,12.527427,52319,1.6631762186686199,92.41766853341998,7.3950190179475905,0.187312448632428,0.0,3.1747817993164062,0.15157063802083331,1.0477420646840894,1.5873908996582031,5.823008219401041,0.7502237955729167,1.1424859151853954,4.367256164550781,10.059102376302082,2.448781331380208,1.3227233655256105,8.801714579264324
encoder.layer.8.attention.self.key,"(32, 128, 768)",3145728,-0.032247785,0.821539,21.591341,26.281578,8386,0.2665837605794271,49.04602909611257,8.311471500119247,42.642499403768184,0.0,0.5331039428710938,6.357828776041666e-05,1.000119260584377,0.2665519714355469,1.0662078857421875,0.00012715657552083332,1.000119260584377,0.7996559143066406,2.12554931640625,0.007120768229166667,1.003350083752094,1.8598556518554688
encoder.layer.8.attention.self.query,"(32, 128, 768)",3145728,-0.032247785,0.821539,21.591341,26.281578,8386,0.2665837605794271,49.04602909611257,8.311471500119247,42.642499403768184,0.0,0.5331039428710938,6.357828776041666e-05,1.000119260584377,0.2665519714355469,1.0662078857421875,0.00012715657552083332,1.000119260584377,0.7996559143066406,2.12554931640625,0.007120768229166667,1.003350083752094,1.8598556518554688
encoder.layer.8.attention.self.value,"(32, 128, 768)",3145728,-0.032247785,0.821539,21.591341,26.281578,8386,0.2665837605794271,49.04602909611257,8.311471500119247,42.642499403768184,0.0,0.5331039428710938,6.357828776041666e-05,1.000119260584377,0.2665519714355469,1.0662078857421875,0.00012715657552083332,1.000119260584377,0.7996559143066406,2.12554931640625,0.007120768229166667,1.003350083752094,1.8598556518554688
encoder.layer.8.intermediate.dense,"(32, 128, 768)",3145728,-0.037409265,1.0180424,85.428474,83.91445,8624,0.27414957682291663,11.665120593692022,16.523654916512058,71.44016697588125,0.3710575139146568,0.5479176839192708,0.0003814697265625,1.0006962172197726,0.2739588419596354,1.0958353678385415,0.000762939453125,1.0006962172197726,0.8218765258789062,2.182261149088542,0.010935465494791668,1.0050110709707494,1.9094785054524739
encoder.layer.8.output.dense,"(32, 128, 3072)",12582912,-0.06320248,0.15021408,12.636612,84.12402,196702,1.5632470448811848,68.1894439304125,23.128387103333978,8.643023456802675,0.039145509450844426,3.0954360961914062,0.031057993570963543,1.0100334791628156,1.5477180480957031,6.093502044677734,0.15687942504882812,1.026173148655346,4.570126533508301,11.761156717936199,0.7178624471028645,1.063328774454421,10.291012128194172
encoder.layer.9.attention.output.dense,"(32, 128, 768)",3145728,0.0019185157,0.21569973,3.0184104,13.993575,53711,1.7074267069498699,94.96937312654762,4.933812440654615,0.09681443279775093,0.0,3.2369613647460938,0.17789204915364581,1.0549564944120362,1.6184806823730469,5.789438883463541,0.9128570556640625,1.1796837250164727,4.342079162597656,9.640248616536457,2.879587809244792,1.4169150816471892,8.435217539469402
encoder.layer.9.attention.self.key,"(32, 128, 768)",3145728,-0.034929767,0.86926657,25.053059,28.820915,7441,0.23654301961263022,47.829592796667114,9.608923531783363,42.561483671549524,0.0,0.47308603922526044,0.0,1.0,0.23654301961263022,0.9461720784505209,0.0,1.0,0.7096290588378906,1.886749267578125,0.005594889322916666,1.0029653592128318,1.6509056091308594
encoder.layer.9.attention.self.query,"(32, 128, 768)",3145728,-0.034929767,0.86926657,25.053059,28.820915,7441,0.23654301961263022,47.829592796667114,9.608923531783363,42.561483671549524,0.0,0.47308603922526044,0.0,1.0,0.23654301961263022,0.9461720784505209,0.0,1.0,0.7096290588378906,1.886749267578125,0.005594889322916666,1.0029653592128318,1.6509056091308594
encoder.layer.9.attention.self.value,"(32, 128, 768)",3145728,-0.034929767,0.86926657,25.053059,28.820915,7441,0.23654301961263022,47.829592796667114,9.608923531783363,42.561483671549524,0.0,0.47308603922526044,0.0,1.0,0.23654301961263022,0.9461720784505209,0.0,1.0,0.7096290588378906,1.886749267578125,0.005594889322916666,1.0029653592128318,1.6509056091308594
encoder.layer.9.intermediate.dense,"(32, 128, 768)",3145728,-0.033253316,0.87971836,52.580063,59.7692,10572,0.3360748291015625,28.253878168747637,20.43132803632236,51.012107453651154,0.3026863412788498,0.6718953450520833,0.00025431315104166663,1.0003785011355033,0.33594767252604163,1.343536376953125,0.000762939453125,1.0005678591709255,1.0076522827148438,2.674102783203125,0.014495849609375,1.0054208273894436,2.3398399353027344
encoder.layer.9.output.dense,"(32, 128, 3072)",12582912,-0.07268613,0.19628286,79.55568,405.31137,118797,0.9441137313842773,76.90514070220628,18.08210645049959,4.8284047576959015,0.1843480895982222,1.8726030985514324,0.015624364217122396,1.008343660345969,0.9363015492757162,3.706010182698568,0.06939570109049478,1.019008243195718,2.779507637023926,7.231648763020833,0.30415852864583337,1.0444243212828808,6.3276926676432295
pooler.dense,"(32, 768)",24576,-0.010257148,0.52792615,8.56536,16.224543,320,1.3020833333333335,59.06249999999999,31.25,9.6875,0.0,2.604166666666667,0.0,1.0,1.3020833333333335,5.208333333333334,0.0,1.0,3.90625,10.416666666666668,0.0,1.0,9.114583333333332
